{"lr": 0.00997794446709763, "data_time": 0.003105473518371582, "loss": 0.002630139421671629, "decode.loss_ce": -0.0009727616561576724, "decode.acc_seg": 95.67359924316406, "aux.loss_ce": 0.003602901066187769, "aux.acc_seg": 95.67359924316406, "time": 0.0771315336227417, "step": 100}
{"lr": 0.009955660594668054, "data_time": 0.0029575586318969726, "loss": -0.0034369865781627594, "decode.loss_ce": -0.00553638070996385, "decode.acc_seg": 67.39869689941406, "aux.loss_ce": 0.0020993942220229656, "aux.acc_seg": 67.39869689941406, "time": 0.0774925708770752, "step": 200}
{"lr": 0.009933371122565919, "data_time": 0.00300445556640625, "loss": -0.0010053747333586215, "decode.loss_ce": -0.0028790889773517847, "decode.acc_seg": 93.99698638916016, "aux.loss_ce": 0.0018737142614554613, "aux.acc_seg": 93.99698638916016, "time": 0.07794194221496582, "step": 300}
{"lr": 0.009911076035273796, "data_time": 0.0028555870056152345, "loss": -0.0032236191909760237, "decode.loss_ce": -0.005093977763317525, "decode.acc_seg": 69.76104736328125, "aux.loss_ce": 0.0018703586072660982, "aux.acc_seg": 69.76104736328125, "time": 0.07696802616119384, "step": 400}
{"aAcc": 100.0, "mIoU": 43.2, "mAcc": 50.0, "step": 400}
{"lr": 0.0098887753171919, "data_time": 0.0030397653579711916, "loss": -0.0049974042223766444, "decode.loss_ce": -0.006432533537736163, "decode.acc_seg": 87.13531494140625, "aux.loss_ce": 0.0014351293531944976, "aux.acc_seg": 87.13531494140625, "time": 0.07746350765228271, "step": 500}
{"lr": 0.009866468952637547, "data_time": 0.003000187873840332, "loss": 0.0023751441622152925, "decode.loss_ce": -0.000697044498519972, "decode.acc_seg": 90.52195739746094, "aux.loss_ce": 0.0030721886665560304, "aux.acc_seg": 90.52195739746094, "time": 0.0775515079498291, "step": 600}
{"lr": 0.009844156925844432, "data_time": 0.0030850887298583983, "loss": -0.00013995342887938023, "decode.loss_ce": -0.0024257342462078667, "decode.acc_seg": 78.11031341552734, "aux.loss_ce": 0.002285780740203336, "aux.acc_seg": 78.11031341552734, "time": 0.07778303623199463, "step": 700}
{"lr": 0.009821839220962003, "data_time": 0.003084611892700195, "loss": -0.0014690253534354269, "decode.loss_ce": -0.003481777268461883, "decode.acc_seg": 74.57183837890625, "aux.loss_ce": 0.0020127518480876462, "aux.acc_seg": 74.57183837890625, "time": 0.07784876823425294, "step": 800}
{"aAcc": 100.0, "mIoU": 43.2, "mAcc": 50.0, "step": 800}
